<?xml version="1.0" encoding="UTF-8"?>
<project-private xmlns="http://www.netbeans.org/ns/project-private/1">
    <editor-bookmarks xmlns="http://www.netbeans.org/ns/editor-bookmarks/2" lastBookmarkId="0"/>
    <open-files xmlns="http://www.netbeans.org/ns/projectui-open-files/2">
        <group>
            <file>file:/C:/Users/Ryan/Documents/NetBeansProjects/SolarExplorerProgram/src/solarexplorerprogram/KeyInput.java</file>
            <file>file:/C:/Users/Ryan/Documents/NetBeansProjects/SolarExplorerProgram/src/solarexplorerprogram/Object.java</file>
            <file>file:/C:/Users/Ryan/Documents/NetBeansProjects/SolarExplorerProgram/src/solarexplorerprogram/SpaceShip.java</file>
            <file>file:/C:/Users/Ryan/Documents/NetBeansProjects/SolarExplorerProgram/src/solarexplorerprogram/Window.java</file>
            <file>file:/C:/Users/Ryan/Documents/NetBeansProjects/SolarExplorerProgram/src/solarexplorerprogram/Handler.java</file>
            <file>file:/C:/Users/Ryan/Documents/NetBeansProjects/SolarExplorerProgram/src/solarexplorerprogram/SpaceObject.java</file>
            <file>file:/C:/Users/Ryan/Documents/NetBeansProjects/SolarExplorerProgram/src/solarexplorerprogram/Stars.java</file>
            <file>file:/C:/Users/Ryan/Documents/NetBeansProjects/SolarExplorerProgram/src/solarexplorerprogram/SolarExplorerProgram.java</file>
            <file>file:/C:/Users/Ryan/Documents/NetBeansProjects/SolarExplorerProgram/src/solarexplorerprogram/ID.java</file>
        </group>
    </open-files>
</project-private>
